trackname,artists,name_of_playlist
Banks - Warm Water (Snakehips Remix),SNAKEHIPS,1_a
Make It,SNAKEHIPS,1_a
On & On (Kaytranada Remix),SNAKEHIPS,1_a
On & On (Snakehips Edit),SNAKEHIPS,1_a
Bondax - Gold (Snakehips Bootleg),SNAKEHIPS,1_a
Alina Baraz - Paradise (Prod. By esta),esta.,1_a
Esta. - Lexo,Play Nice,1_a
Sango & Waldo - Crossroads (Feat. SPZRKT),S√°ngo,1_a
Tinashe - Vulnerable (Sango Remix),S√°ngo,1_a
Sango - 206,S√°ngo,1_a
001 - ESTA x Michael Salisbury,Create & Explore,1_a
Sango & Waldo - YU,AGO Music,1_a
Sango & Waldo - Happiest Hour/ Saddest Hour,WALƒêO,1_a
Sango & Waldo - SNS,WALƒêO,1_a
Sango & Waldo - Rushed Perfection,AGO Music,1_a
S-Curve (prod. The SEVENth & Sango),THE SEVENth,1_a
Sango - Deixe-me,S√°ngo,1_a
Icebox 2.0 (Omarion X Craig David),S√°ngo,1_a
Vai Vai,S√°ngo,1_a
Sango - Vem Vem (FREE DL),SOULECTION,1_a
Erykah Badu - Love Of My Life (Kaytranada Remix),"""KKAAYYTTRRAA""",1_a
k-os - Crucial (Kaytranada Remix),"""KKAAYYTTRRAA""",1_a
Kaytradamus & Sango - Voices From Heaven,"""KKAAYYTTRRAA""",1_a
Missy Elliott - Sock It 2 Me (Kaytranada Remix),"""KKAAYYTTRRAA""",1_a
Portico Quartet - Steepless (Kaytranada Remix),"""KKAAYYTTRRAA""",1_a
Summer Sadness,"""KKAAYYTTRRAA""",1_a
Nevalie,"""KKAAYYTTRRAA""",1_a
Nelly Furtado - Say It Right (Kaytradamus Remix),"""KKAAYYTTRRAA""",1_a
Danny Brown - Lie4 (Kaytranada Remix),"""KKAAYYTTRRAA""",1_a
KAYTRANADA - Holy Hole Inna Donut,HW&W Recordings,1_a
KAYTRANADA - Jupiter,HW&W Recordings,1_a
Banks - Waiting Game (Kaytranada Edition),BANKS.,1_a
Jill Scott - Its Love (KAYTRANADA Edition),HW&W Recordings,1_a
Janet Jackson - If (Kaytranada Remix),"""KKAAYYTTRRAA""",1_a
The Weeknd - Or Nah (Stwo Edit),stwo,1_a
Quiet Life,stwo,1_a
Stwo - Syrup,HW&W Recordings,1_a
Cashmere Cat - With Me (Stwo Edit),stwo,1_a
BASECAMP - Emmanuel (Stwo Remix),stwo,1_a
JMSN - The One (Stwo Remix),stwo,1_a
Virgo feat. Shay Lia,stwo,1_a
Know,stwo,1_a
Cryin,stwo,1_a
Lust,stwo,1_a
Stwo - Lovin U,LFTF,1_a
Stwo - Work,LFTF,1_a
Stwo - Anna,LFTF,1_a
Stwo - Wifey (Instrumental),LFTF,1_a
Stwo - One (Andrea Remix),LFTF,1_a
Tory Lanez - R.I.D.E. (Falcons Remix),FALCONS,1_a
PARTYNEXTDOOR - Persian Rugs (Falcons remix),FALCONS,1_a
Brenmar - Medusa Feat. Rush Davis (Falcons Remix),BRENMAR,1_a
Falcons - 2me,HW&W Recordings,1_a
Falcons - Cell,HW&W Recordings,1_a
Soulection Radio Show #179,SOULECTION,1_a
Jeremih - Fuck U All The Time (Shlohmo Remix),shlohmo,1_a
Brain,BANKS.,1_a
"Ab-Soul ""To The Max"" ( Prod. By Statik Selektah)",Statik Selektah,1_a
Zikomo x Esta - ZikomoEstas,Zikomo,1_a
Two In A Millie,TEK.LUN,1_a
Your Flaws,MadBliss,1_a
Rvdical The Kid - Tokyo,RVDICAL THE KID,1_a
Time Machine - The Way Things Are,djmekalek,1_a
Brown Lotus - Get Lost Now,ill Gibran,1_a
El Blanco Nino x DISFNK - Savages,EL BLANCO NINO,1_a
LeDouix - Me & You,LeDouix,1_a
Stwo - Morphans,HW&W Recordings,1_a
early[wakeup] {rough},RND1,1_a
brew,miska,1_a
Suicidal Thoughts,omokage,1_a
oneweek[HAWT],pax,1_a
tkdwn. x [ bsd.u ] - within,[ bsd.u ],1_a
caught in the rain,[ bsd.u ],1_a
.,[ monk. ],1_a
.,[ monk. ],1_a
HEAVEN SENT FT. ZACARI,J-Louis,1_a
ELHAE - SAM ( J-LOUIS REMIX ),J-Louis,1_a
High Land ( J-LOUIS ),J-Louis,1_a
Soulection Radio Show #200 (Celebration of Life),SOULECTION,1_a
J-Louis - Can't You See,SOULECTION,1_a
Yoko,Jay Prince,1_a
I'm Good,Jay Prince,1_a
Polaroids,Jay Prince,1_a
Cruisin,Jay Prince,1_a
1993 (Feat. Richie Saps),Jay Prince,1_a
Feel It,Jay Prince,1_a
The Trip (Feat. Fabienne),Jay Prince,1_a
All You,Jay Prince,1_a
4U / Lately,Jay Prince,1_a
Sam Gellaitry - Temple (Short Stories - Out Now),SOULECTION,1_a
reflectionz,sam gellaitry,1_a
to earth and back,sam gellaitry,1_a
monochrome,sam gellaitry,1_a
the end,sam gellaitry,1_a
Soulection Radio Show #190 w/ Esta,SOULECTION,1_a
Can't Wait(ft. Xavier Om√§r),esta.,1_a
Esta - Luna,SOULECTION,1_a
Soulection Radio Show #207 (The People's Choice) + A Nujabes Tribute w/ Daddy Kev,SOULECTION,1_a
LETS ESCAPE -ABRAHAM BLUE (   J-LOUIS Remix   ),J-Louis,1_a
SNS (Instrumental),S√°ngo,1_a
childhood,sam gellaitry,1_a
1hunna (prod. by Zikomo),Waju,1_a
Bahwee x Esta. x Mike Gao - Lounge Burger,HW&W Recordings,1_a
ESTA. X Mike Gao - Katsu Curry,MIKE GAO,1_a
California,starRo,1_a
So Cool (Iman Europe X starRo),starRo,1_a
starRo - Bout You,SOULECTION,1_a
A NIGHT OFF ( J-LOUIS X DREWSTHATDUDE ),J-Louis,1_a
CAMARILLO,J-Louis,1_a
I CANT EXPLAIN IT,J-Louis,1_a
Area Codes (J-Louis X Iamnobodi),J-Louis,1_a
SLANDER & NGHTMRE - YOU ( J-LOUIS REMIX ),J-Louis,1_a
Get Away,esta.,1_a
Sorry Not Sorry,esta.,1_a
starRo - Say It,SOULECTION,1_a
starRo - Can't Get You Out Of My Mind (ft. Alcordo),SOULECTION,1_a
starRo - In Love,SOULECTION,1_a
starRo - Feeling For You,SOULECTION,1_a
See Me At The Penthouse (Fund raising to free Mike.P),starRo,1_a
Iman Europe & starRo - Diggin' On You [TLC Rework]  FREE DL,starRo,1_a
Waiting,starRo,1_a
Seduction (FREE DL),starRo,1_a
Lust,starRo,1_a
Catch Me (ft. JusMoni) -  starRo X Mr. Carmack X Teeko X Mikos Da Gawd,starRo,1_a
Around Midnight - starRo,qetic,1_a
GoldLink - Sober Thoughts (Chris McClenney Remix),HW&W Recordings,1_a
SPZRKT & Sango - The Motive/ Used To The Melody,SOULECTION,1_a
SPZRKT & Sango - Hipster Girl,SOULECTION,1_a
SPZRKT & Sango - Soon Enough,SOULECTION,1_a
SPZRKT & Sango - Winter Toes,SOULECTION,1_a
SPZRKT & Sango -  How Do You Love Me,SOULECTION,1_a
SPZRKT & Sango - JMK,S√°ngo,1_a
Imprint: 100% Soulection mix by Andre Power,Mixmag,1_a
Oceans ft. Elhae,stwo,1_a
Bryson Tiller-BeenThatWay ( J-Louis Remix ),J-Louis,1_a
Looking Forward,J-Louis,1_a
Papers,S√°ngo,1_a
Forever (Pt. II) Feat. Kaleem Taylor,SNAKEHIPS,1_a
Snakehips x Tory Lanez - D√≠melo #songsfromscratch,SNAKEHIPS,1_a
Gone (feat. Syd),SNAKEHIPS,1_a
Gold,Bondax,1_a
Fetty Wap - Trap Queen [Autolaser & Z.WOODS Remix],Z.WOODS,1_a
Love Saved,Z.WOODS,1_a
Drake - Legend | Z.Woods Unplugged,Z.WOODS,1_a
PYRMDPLAZA X ABRAHAM BLUE - WHATEVER YOU WANT,PYRMDPLAZA,1_a
22 ( J-Louis ),J-Louis,1_a
Soulection Radio Show #212 w/ PYRMDPLAZA,SOULECTION,1_a
J-LOUIS x PYRMDPLAZA,J-Louis,1_a
Tiara Thomas - How It Is (XXYYXX Bootleg),xxyyxx,1_a
Dance On Me,GoldLink,1_a
Acting Like (Prod. by Shlohmo) - Tory Lanez,WEDIDIT COLLECTIVE,1_a
you could bet that,HXNS,1_a
STAY ( J-LOUIS ),J-Louis,1_a
Kehlani - Til The Morning (Snakehips Remix),SNAKEHIPS,1_a
U Got (XXYYXX Remix),SIVIK,1_a
Xavier Om√§r - Blind Man (Prod. by J-Louis),Never Sleep Music,1_a
Soulchild ( J-Louis ),J-Louis,1_a
Chris McClenney - Tuning Up,SOULECTION,1_a
Chris McClenney - More Love,SOULECTION,1_a
Chris McClenney - All I Want Is You,SOULECTION,1_a
Chris McClenney - Us,SOULECTION,1_a
Light Ray,Evil Needle,1_a
Consciousness,Evil Needle,1_a
Lullaby,Evil Needle,1_a
Heaven In Hell,Evil Needle,1_a
Evil Needle - Past & Present,HW&W Recordings,1_a
Captivate,Evil Needle,1_a
Kehlani - Niggas (Mike Gao Remix),MIKE GAO,1_a
You Should Be Here,Kehlani,1_a
How That Taste,Kehlani,1_a
Jealous (feat. Lexii Alijai),Kehlani,1_a
Wanted,Kehlani,1_a
The Way (feat. Chance the Rapper),Kehlani,1_a
Unconditional,Kehlani,1_a
The Letter,Kehlani,1_a
Runnin' (Interlude),Kehlani,1_a
Be Alright,Kehlani,1_a
Down for You (feat. BJ The Chicago Kid),Kehlani,1_a
Yet,Kehlani,1_a
Bright,Kehlani,1_a
Alive (feat. Coucheron),Kehlani,1_a
I Should Be Dreaming (ft. Josh J.),Zacari,1_a
Down For You (feat. Alina Baraz),Ta-ku,1_a
Realla feat Anderson .Paak,TOKiMONSTA,1_a
Open Air Ft Joyce Wrice,TOKiMONSTA,1_a
Sakamoto's Spring,TOKiMONSTA,1_a
Your highness Ft. Monte Booker,Jarreau Vandal,1_a
B.Y.O.B. ft. my mother,Jarreau Vandal,1_a
Sevdaliza - Clear Air (Jarreau Vandal Remix),Jarreau Vandal,1_a
Soulection Radio Show #215 (Beats 1 Launch),SOULECTION,1_a
Drowning,PYRMDPLAZA,1_a
Cradle,PYRMDPLAZA,1_a
Long Way Home (Prod. by Gravez & Fortune),ELHAE,1_a
Distance ft. Skizzy Mars,Lais,1_a
Good Right Now (Music Video Link Below),Jay Prince,1_a
Eclipse,Zikomo,1_a
Get You Good,Roy Woods,1_a
Drama (Ft. Drake),Roy Woods,1_a
Jaden Smith - Soulection Freestyle (Beat by Mr. Carmack),SOULECTION,1_a
separated,oshi,1_a
Kaytranada & Sango - Voices from Heaven,S√°ngo,1_a
Owe Me Back,S√°ngo,1_a
Kaytranada & Sango - Down4U,S√°ngo,1_a
BB Don't Cry (It's Gon' Be Ok),S√°ngo,1_a
Sango - Smiles & Frowns,SOULECTION,1_a
Me deÃÇ Amor,S√°ngo,1_a
"Sango x GoldLink - ""Wassup""",Broccoli City,1_a
Louie Lastic - Reactions,SOULECTION,2_a
Louie Lastic - I Need Girls,SOULECTION,2_a
Louie Lastic - Say Yes,SOULECTION,2_a
you could bet that,HXNS,2_a
STAY ( J-LOUIS ),J-Louis,2_a
Kehlani - Til The Morning (Snakehips Remix),SNAKEHIPS,2_a
U Got (XXYYXX Remix),SIVIK,2_a
Xavier Om√§r - Blind Man (Prod. by J-Louis),Never Sleep Music,2_a
Soulchild ( J-Louis ),J-Louis,2_a
Chris McClenney - Tuning Up,SOULECTION,2_a
Chris McClenney - More Love,SOULECTION,2_a
Chris McClenney - All I Want Is You,SOULECTION,2_a
Chris McClenney - Us,SOULECTION,2_a
Light Ray,Evil Needle,2_a
Consciousness,Evil Needle,2_a
Heaven In Hell,Evil Needle,2_a
Lullaby,Evil Needle,2_a
Evil Needle - Past & Present,HW&W Recordings,2_a
Captivate,Evil Needle,2_a
Kehlani - Niggas (Mike Gao Remix),MIKE GAO,2_a
You Should Be Here,Kehlani,2_a
How That Taste,Kehlani,2_a
Jealous (feat. Lexii Alijai),Kehlani,2_a
Wanted,Kehlani,2_a
The Way (feat. Chance the Rapper),Kehlani,2_a
Unconditional,Kehlani,2_a
The Letter,Kehlani,2_a
Runnin' (Interlude),Kehlani,2_a
Be Alright,Kehlani,2_a
Down for You (feat. BJ The Chicago Kid),Kehlani,2_a
Yet,Kehlani,2_a
Bright,Kehlani,2_a
Alive (feat. Coucheron),Kehlani,2_a
I Should Be Dreaming (ft. Josh J.),Zacari,2_a
Down For You (feat. Alina Baraz),Ta-ku,2_a
Realla feat Anderson .Paak,TOKiMONSTA,2_a
Open Air Ft Joyce Wrice,TOKiMONSTA,2_a
Sakamoto's Spring,TOKiMONSTA,2_a
Your highness Ft. Monte Booker,Jarreau Vandal,2_a
B.Y.O.B. ft. my mother,Jarreau Vandal,2_a
Sevdaliza - Clear Air (Jarreau Vandal Remix),Jarreau Vandal,2_a
Drowning,PYRMDPLAZA,2_a
Cradle,PYRMDPLAZA,2_a
Long Way Home (Prod. by Gravez & Fortune),ELHAE,2_a
Distance ft. Skizzy Mars,Lais,2_a
Good Right Now (Music Video Link Below),Jay Prince,2_a
Eclipse,Zikomo,2_a
Get You Good,Roy Woods,2_a
Jaden Smith - Soulection Freestyle (Beat by Mr. Carmack),SOULECTION,2_a
EOM - Get Along (feat. Anderson .Paak & Blu),EOM703,2_a
Nxworries - Anderson Paak & Knxwledge - Suede,Stones Throw Records,2_a
Phonte - Sendin My Love [Explicit] (Prod Stro Elliot),Stro Elliot,2_a
Kamaal Coltrane,Stro Elliot,2_a
"Sango - Middle Of Things, Beautiful Wife (Feat. SPZRKT)",SOULECTION,2_a
PEARSON x SAM GELLAITRY - ESS,pearson,2_a
RETALIATE (sam gellaitry x connor pearson),sam gellaitry,2_a
Esta. - WhateverUNeed (ft. JBird),HW&W Recordings,2_a
Falcons - Aquafina feat. GoldLink & Chaz French,Fool's Gold Records,2_a
Falcons - Terra,Fool's Gold Records,2_a
PARTYNEXTDOOR ~ Things & Such,partyomo,2_a
Be Alright,Jarreau Vandal,2_a
Queen,jeffbernat,2_a
Talkin Shit (prod @Ohbliv),Gyasi Kamau,2_a
Soulection Radio Show #183 w/ Sam Gellaitry,SOULECTION,2_a
LAKIM w | McClenney - Live From The Dorm (UMD),LAKIM,2_a
Charli XCX - Doing It ft. Rita Ora (Keys N Krates Remix),charlixcx,2_a
I Know U,Keys N Krates,2_a
Save Me (feat. Katy B),Keys N Krates,2_a
Understand Why,Keys N Krates,2_a
Hypnotik,Keys N Krates,2_a
Keys N Krates - Are We Faded,Dim Mak Records,2_a
Yes We Faded,Keys N Krates,2_a
She's So High,Keys N Krates,2_a
I JUST CANT DENY,Keys N Krates,2_a
DUM DEE DUM,Keys N Krates,2_a
RATCHET HOE$,Keys N Krates,2_a
TREAT ME RIGHT,Keys N Krates,2_a
Hotline Bling,esta.,2_a
Dimelo,esta.,2_a
Butterfly - ft. Steffanie Christi'an prod. Kaytranada,Talib Kweli,2_a
What So Not - Gemini Ft. George Maple (Ekali Remix),EKALI,2_a
Denzel Curry - Threatz (Ekali & Gravez Remix),EKALI,2_a
Ta-ku - Long Time No See ft. Atu (Ekali Remix),EKALI,2_a
Unfaith,EKALI,2_a
Ekali & aywy. - Another Girl,EKALI,2_a
aywy & Ekali - Your Love,aywy,2_a
Ekali & aywy. - Contempt,EKALI,2_a
Neeed That,NICK WISDOM,2_a
Missus Peel ft. Pomo,NICK WISDOM,2_a
Illa J - Never Left,Bastard Jazz,2_a
Tinashe - Days In The West (Ekali Remix),EKALI,2_a
Eli Muro - Orphan's Son (Ekali Remix),EKALI,2_a
Tre Capital & Sean Leon - Prestige (Ekali Remix),EKALI,2_a
Dpat - Bloom (Ekali Edit),EKALI,2_a
Alina Baraz & Galimatias - Can I (Ekali Remix),EKALI,2_a
blessings,ekali bootlegs,2_a
Always,RL Grime,2_a
Onra - L.O.V.E,Fool's Gold Records,2_a
We Ridin' (feat. Daz Dillinger & Olivier Daysoul),Onra,2_a
Over & Over (feat. Do Or Die & Johnny P),Onra,2_a
Hoodboi - Dusk (Prologue),Fool's Gold Records,2_a
Hoodboi - Palm Reader feat. Lido,Fool's Gold Records,2_a
Hoodboi - Shallow,Fool's Gold Records,2_a
With Me,CASHMERE CAT,2_a
Aeshma (Jason Rich x MadBliss),JASON RICH,2_a
No Roof,MadBliss,2_a
long distance,sam gellaitry,2_a
Spectrum (Prod. Louie Lastic),GoldLink,2_a
ili,TroyBoi,2_a
O.G,TroyBoi,2_a
Do You?,TroyBoi,2_a
TroyBoi & Stooki Sound - W2L (Welcome To London),Mad Decent,2_a
TroyBoi - Afterhours (feat. Diplo & Nina Sky),Mad Decent,2_a
"down for this (ft. krs., Kingbnjmn, dutchboy & tunji ige)",oshi,2_a
All My Friends (feat. Tinashe & Chance the Rapper),SNAKEHIPS,2_a
PYRMDPLAZA & Gravez - UsVsU,PYRMDPLAZA,2_a
IAMNOBODI - When You Know It,SOULECTION,2_a
Monte Booker - Flight,SOULECTION,2_a
Monte Booker - Kolors Ft. Smino,SOULECTION,2_a
Monte Booker - Homealone,SOULECTION,2_a
Monte Booker - Baby Ft. Ravyn Lenae,SOULECTION,2_a
Sivey - Slow Wave,SOULECTION,2_a
Sivey - Church Eye,SOULECTION,2_a
Sivey - Mindlock,SOULECTION,2_a
Sivey - Ascension,SOULECTION,2_a
"Knew You w/ Atu, Dpat & Asante",S√°ngo,2_a
Atu √ó Dpat √ó Sango ‚Äì 3,Dpat,2_a
Dpat & Atu - Nothing Here,SOULECTION,2_a
'missing you' (ft. Dpat),atu,2_a
'doubts',atu,2_a
Dpat - Bloom | Out Now,SOULECTION,2_a
Dpat - Above Us (ft. Sango & Isles) | 'In Bloom',SOULECTION,2_a
Tribal Waves,Da-P,2_a
Limit Break,Da-P,2_a
MEGA,Da-P,2_a
Overdose feat. midnight,Da-P,2_a
First To Know (feat. River Tiber),Da-P,2_a
separated,oshi,2_a
Juelz - Winter,FLOW FI,2_a
Juelz - Cake,FLOW FI,2_a
Sabotage,Juelz,2_a
Cocaine,Juelz,2_a
WYN,Dpat,3_a
SoÃÅ VoceÃÇ (Ft. Elhae & ESTA.),S√°ngo,3_a
GoldLink - Zipporah (Gravez Remix),Gravez,3_a
glacier,sam gellaitry,3_a
Playboy,JOSEPH LETRANGER,3_a
Sanguine,kuma,3_a
I'm Not Sorry ft. Eric Bellinger (Available on itunes),deantrbl,3_a
Minutes,SYRE,3_a
Losco - When,SOULECTION,3_a
Losco - Scriptina,SOULECTION,3_a
swimming pools,[ bsd.u ],3_a
Innocence,Roy Woods,3_a
Go Go Go,Roy Woods,3_a
Unleashed,Roy Woods,3_a
Jealousy,Roy Woods,3_a
Do You Still Want Me,starRo,3_a
PARTYNEXTDOOR - Come and See Me (feat. Drake),partyomo,3_a
"J. Eliaye ~ They Say [Prod. J. Eliaye, Mike Green & Murphy Kid]",Roy√°l X,3_a
"03 An Idea (featuring Emmavie, Zacari & Josh J)",IAMNOBODI,3_a
02 Luther's Joint,IAMNOBODI,3_a
01 Understand (Intro),IAMNOBODI,3_a
04 Imani (Prelude) (featuring R.O.M.),IAMNOBODI,3_a
Aphrodite,DrewsThatDude,3_a
DrewsThatDude -  Iced Tea Ft. FORTUNE,HW&W Recordings,3_a
Relapse ft. PYRMDPLAZA,DrewsThatDude,3_a
Bounce Yuh,Jovin,3_a
It's Strange (Ft. K.Flay),Louis The Child,3_a
Zella Day - Compass (Louis The Child Remix),Louis The Child,3_a
Oh Wonder - Body Gold (Louis The Child Remix),Louis The Child,3_a
Pure ft. Zeina [Majestic Color],rare,3_a
Flume - Smoke & Retribution (Ekali Remix),EKALI,3_a
rightnow,Holyrain,3_a
searching,otxhello,3_a
wealltry (jukedout),hiroshi7,3_a
Snakes & Ladders,ELI MURO,3_a
Pursuit,ELI MURO,3_a
Falcons & Juelz - Gyal Dem Move,FALCONS,3_a
iBelieve [prod. by Rascal],ELHAE,3_a
Aura (Intro),ELHAE,3_a
Drive Me Crazy,ELHAE,3_a
Sam,ELHAE,3_a
Wonder Woman (Interlude),ELHAE,3_a
Situations (Video on Youtube now),ELHAE,3_a
Halfway Love (Prod. by Rascal),ELHAE,3_a
Time For You Feat. Jay Prince,ELHAE,3_a
The World (Outro),ELHAE,3_a
Eva,ELHAE,3_a
In My Skin,ELHAE,3_a
No Idea,ELHAE,3_a
Stay Afloat (Interlude),ELHAE,3_a
Switches,ELHAE,3_a
Questions,ELHAE,3_a
Might Be It,ELHAE,3_a
HER,ELHAE,3_a
Flux Pavilion - I Can't Stop (Ekali Tribute),EKALI,3_a
i'll be alright (tonight),Mura Masa,3_a
Love For That,Mura Masa,3_a
deadroses,beartrap sound,3_a
waste away ft. Devon Baldwin,beartrap sound,3_a
bus it,beartrap sound,3_a
girls like u (rad cat remix),beartrap sound,3_a
shake ya ass ft p-lo (sevnth remix),beartrap sound,3_a
PYRMDPLAZA - Glassss,SOULECTION,3_a
PYRMDPLAZA - Navi's Dance,SOULECTION,3_a
PYRMDPLAZA - Ventilate,SOULECTION,3_a
PYRMDPLAZA - Just Say,SOULECTION,3_a
Dragon,PYRMDPLAZA,3_a
Skyloft,PYRMDPLAZA,3_a
GoldLink - Late Night ft. Masego (Falcons Remix),FALCONS,3_a
Current Mood,SASHAMARIE,3_a
Ôº©ÔΩçÔΩÅÔΩîÔΩâÔΩèÔΩé,90sFlav,3_a
"Rich Without Money (Prod. Fortune, Gravez & Sango)",WALƒêO,3_a
Souletiquette Radio Session 080 ft. HXNS,Souletiquette.,3_a
The Gateway,sam gellaitry,3_a
Blindside,fwdslxsh,3_a
TEK.LUN - EL FLAMIN,HW&W Recordings,3_a
Longing (feat. KRANE),Evil Needle,3_a
Hoodboi - Palm Reader feat. Lido (Jesse Slayter Remix),Fool's Gold Records,3_a
Undone,Sonder,3_a
Bishop Nehru - Love What You Do,Bishop Nehru,3_a
FDW (feat. CJ Fly) - Prod. Hannibal King,Bub Styles,3_a
Angel Ft. Sha Summers,KOTA The Friend,3_a
Ta-ku & Wafia - Meet In The Middle (Ekali Remix),EKALI,3_a
Like Home,JOY.,3_a
MeMyself&I,esta.,3_a
lights,slom,3_a
Sheath,Sonder,3_a
Roy Wood$ - Jealousy (Fwdslxsh Remix),fwdslxsh,3_a
do we,fwdslxsh,3_a
Enough,fwdslxsh,3_a
trust me,fwdslxsh,3_a
Fall,fwdslxsh,3_a
Yellow,fwdslxsh,3_a
Oceans (ft starRo),fwdslxsh,3_a
I Need,fwdslxsh,3_a
4U,fwdslxsh,3_a
High Tide (reprise),fwdslxsh,3_a
B. Lewis x KRNE - JumpKick,B. Lewis,4_a
Fall Apart,KRANE,4_a
KRANE x Havok Roth - Bonezzz [SESSIONS_3.1],SESSIONS,4_a
Posted,B. Lewis,4_a
Feel Like You,B. Lewis,4_a
Falcons & Juelz - Gyal Dem Move,FALCONS,4_a
misted [bump],tails,4_a
paris jones - u like me (tails remix),tails,4_a
Tails x Alexander Lewis - Time,tails,4_a
hold up,tails,4_a
HW&W Mix #17: Potatohead People - Originals,HW&W Recordings,4_a
You Da One,DrewsThatDude,4_a
Mr. Carmack - Pay For What (Alexander Lewis Trombone Flip),Alexander Lewis,4_a
Hudson Mohawke - Chimes (Alexander Lewis X Y2K Flip),Alexander Lewis,4_a
In The Mornin',Alexander Lewis,4_a
Forward,Alexander Lewis,4_a
rock yo body,monte booker,4_a
bando feat. j.robb,jamvvis,4_a
skater x j.robb - Euphoria,Skater,4_a
chicago ft. j.robb,wntr,4_a
J.Robb - Down,ZEPHYR,4_a
j.robb x west1ne - One Thing,eth,4_a
Athens,Juelz,4_a
https://3333.bandcamp.com/album/honor,j^p^n,4_a
ROM - Free As A Bird,SOULECTION,4_a
ROM - You Love Em (feat. Emmavie),SOULECTION,4_a
ROM - ONE MORE (feat. DEFFIE),SOULECTION,4_a
Overdue (Prod. Russ),Russ,4_a
Look (Prod. Russ),Russ,4_a
Gone (Prod. Russ),Russ,4_a
Losin Control (Prod. Russ),Russ,4_a
Close2u,Louie Lastic,4_a
KOHH - Paris (Sam Tiba Remix),BromanceRecords,4_a
1ne 2 step,west1ne,4_a
Lovely (Prod. by Sonder),Brent Faiyaz,4_a
Insecure (Prod. by Pablo Dylan & James Harte),Brent Faiyaz,4_a
Invite Me (Prod. by Pablo Dylan),Brent Faiyaz,4_a
Poison (Prod. by Ben Free),Brent Faiyaz,4_a
No One Knows (Prod. by Paperboy Fabe & Sonder),Brent Faiyaz,4_a
Hoody - My Ride (Slom & West1ne Remix),slom,4_a
Shaunic & Jonah Yano - louis vuitton,Shaunic,4_a
A$AP Ferg - Work (MisterMack & Fortune Remix),Swaggy_sev,4_a
precious,HXNS,4_a
Rvdical the Kid & Chris McClenney - Ethereal,FLOW FI,4_a
Disclosure - Latch (MisterMack Version),McClenney,4_a
Rome Fortune - Get The Guap (Chris McClenney & Fortune. Remix),SOULECTION,4_a
into u,wntr,4_a
whoshe,wntr,4_a
WNTR - Exclusive Mix - Beat Lab Radio 119,Beat Lab Radio,4_a
depression,otxhello,4_a
smile,otxhello,4_a
Vall√®s - Sorrow (Freddie Joachim Remix) [NEST HQ Premiere],Thomorrow,4_a
likeiloveyou ft. j.robb & ny odus,wntr,4_a
Dirty Jersey Feat. 732Cash (Prod. By Bravestarr),Shotta Spence,4_a
Crazy Dream (feat. Loyle Carner),Tom Misch,4_a
Rules,6LACK,4_a
PRBLMS,6LACK,4_a
Stay up (rework),KINGBNJMN,4_a
EKALI Live at the #SmirnoffHouse Hard Summer 2016,Trillions,4_a
KRNE x Stooki Sound - Medicine [Thissongissick.com Premiere] [Free Download],Thissongissick.com,4_a
Endz,St√∂√∂ki Sound,4_a
owe the world,J.ROBB,4_a
NEXT UP (feat. EZRA & OSHI),Cavalier,4_a
SEEING SOUNDS,Cavalier,4_a
Self Help[mix],esta.,4_a
Cousin Stizz Dirty Band$ (Mike Gao Edition),MIKE GAO,4_a
Nekolye x west1ne - Ayy,eth,4_a
Lament (w/ Nekolye),slom,4_a
TheThingsYouDo,slom,4_a
Is It Me,FORTUNE,4_a
Winter IV,IAMNOBODI,4_a
All The Time (prod. by j.robb),Vada,4_a
Blush,B R L L N T,4_a
GoldLink - Fall In Love (Pomo Remake),Pomo,4_a
Crew (feat. Brent Faiyaz & Shy Glizzy),GoldLink,4_a
Give It Up - j.robb + The Kount,The Kount,4_a
1959,sam gellaitry,4_a
Childish Gambino - Terrified (Zikomo Remix),Zikomo,4_a
all 4 u,west1ne,4_a
H.E.R. - Focus (Dpat Remix),Dpat,4_a
FLIPPIN ON YOU,"""KKAAYYTTRRAA""",4_a
saywhat,J.ROBB,4_a
Ekali & KRANE - Akira,EKALI,4_a
Stranger Things--- Jean Deaux (Prd. Phoelix),119 PRODUCTIONS,4_a
GEOTHEORY - Desiree (Aye),Night Owl Collective,4_a
Lost w/ oshi,sober rob,4_a
Tempted üå∫,Jazz Cartier,4_a
"raindrop, droptop",monte booker,4_a
i kno what u want,monte booker,4_a
closer (feat. chase thomas),HXNS,4_a
Kuƒçka - Honey (medasin redo),medasin,4_a
01. Tell Me,ENTRSTELLAR,4_a
Get You (feat. Kali Uchis),Daniel Caesar,4_a
Dance for Blessings,S√°ngo,4_a
Your Way,H.E.R.,4_a
Blind (Prod. Skater),Ricky Davaine,4_a
Put It Down (feat Anderson .Paak & KRANE),TOKiMONSTA,4_a
I'm Waiting,TOKiMONSTA,4_a
needed me,west1ne,4_a
atone,west1ne,4_a
Soulection Radio Show #295 ft. J. Robb,SOULECTION,4_a
Jacquees x DeJ Loaf - No Better Love (Prod. by Nash B x DrewsThatDude),DrewsThatDude,4_a
easy,MAC AYRES,4_a
hz,west1ne,4_a
wishes,HXNS,4_a
March,Alexander Lewis,4_a
Extra Sauuce Guest Mix 004: William Crooks,Sundae Sauuce,4_a
KRANE x WYOMI - Palace [SESSIONS_4.4],SESSIONS,4_a
Oshi ~ Ice Tea,Film Noir Sound,4_a
I Care w/ Olukara (prod. by j.robb and austin marc),Vada,4_a
Unwind (prod. by j.robb),Vada,4_a
apart,GOLDWATER,4_a
"ANH & Quickly, Quickly - Contrast",ANH,4_a
Waiting For You (feat. Russ) [Prod. by Kyle Betty & Ian McKee],Rexx Life Raj,4_a
imagine/gvnglove,xander.,4_a
Lido - Murder (Alexander Lewis & Y2K Remix),Alexander Lewis,4_a
Back It Up,THEY.,4_a
Truth Be Told,THEY.,4_a
trabajo 6x,J.ROBB,4_a
Jack Dine - My Way (feat. Will Fraker),Arim√©,4_a
POSTPRO,JACK DINE,4_a
Meditation (feat. Jazmine Sullivan & KAYTRANADA),GoldLink,4_a
"StayInTonight (ft. Elhae, IAMNOBODI)",esta.,4_a
Pham & sober rob - Alibi (feat. Madi),Pham,4_a
"EP04 - ""Pass The Aux - LA""",The TeamSupreme Podcast,4_a
On Planets - Too Bad / So Sad,On Planets,4_a
JNTHN STEIN - Silvertown (Mr Carmack Remix) [feat BXRBER],JNTHN STEIN,4_a
On The Low,JOEY XL,4_a
Bem-estar (feat. Monte Booker),S√°ngo,4_a
Someone That You Love ft. Olivia Nelson,Jarreau Vandal,4_a
Khary & Lege Kale - Too Fast,ùêøùëíùëîùëí ‰ºùË™¨,4_a
NDK,DrewsThatDude,4_a
Dont Stop,starRo,4_a
Beats of Mind Interview: ROM,BeatsofMind,4_a
A-Team (remix),yugi boi,4_a
Soulection Radio Show #300,SOULECTION,4_a
Swirl,I M U R,4_a
F F L,I M U R,4_a
Blue Dream ft. Tee Krispil,I M U R,4_a
Girl Feat. Clairo,brennan henderson,4_a
Allah & B Sturg- Ni's Interlude (prod. Fortune and Tek.Lun),Allah.,4_a
whats ya name?,ROMderful.,4_a
Adventura,MIKE GAO,4_a
Kline - No Eyes (Slope Remix)*Free Download,Modern Math,4_a
ANH ~ Pressure,TreeH√¥use,4_a
sorry,ekali bootlegs,4_a
blessings,ekali bootlegs,4_a
needy,ekali bootlegs,4_a
steps w/ dorian concept,ekali bootlegs,4_a
Shooters,Juelz,4_a
chain,oslen ave,4_a
Xavier Om√§r - No Way Out feat. GoldLink (prod. by Hit-Boy),Red Bull,4_a
Choke Me (feat. josh pan),Juelz,4_a
prblms flip,Mo Vibez,4_a
Bedtime Story [Prod. Louie Lastic],GoldLink,4_a
Divine (ft. Kali Uchis) [Prod. Louie Lastic],GoldLink,4_a
Hip-Hop (Interlude) [Prod. Teklun],GoldLink,4_a
drive,callahan,4_a
the last winter at home,callahan,4_a
playboi carti - don't tell nobody (callahan remix),callahan,4_a
my favorite neighbor,sui.luj,4_a
distressed w/ ||DIlIP||,sui.luj,4_a
tee,HXNS,4_a
What Time Is It? (feat. Innanet James)[Prod. By KAYTRANADA],Lou Phelps,4_a
body party,west1ne,4_a
Kneelin' On Needles,LupeFiasco,4_a
gravity w/ Verzache,GOLDWATER,4_a
love is love,IAMNOBODI,4_a
Fall Together ft. Harrison Brome,Pomo,4_a
Isabella,Andrew Luce,4_a
childish w/ otxhello,yugi boi,4_a
poppin,J.ROBB,4_a
CLOUDED,kolaz,4_a
"ANH & Quickly, Quickly - Charade (Ft. Mo Vibez & Olu Bliss)",ANH,4_a
catalina dea,esta.,4_a
Zylo - With You,CHAPEL SOUND,4_a
Visions (feat. montell2099) [2016],Cavalier,4_a
LUVTHRUHER.,FORTUNE,4_a
Parting,slom,4_a
THE WORLD FT. WEST1NE,Sean Dream,4_a
feel it still (medasin remix),medasin,4_a
NO BAD VIBES Episode 19 w/ Evil Needle,NO BAD VIBES,4_a
DrewsThatDude x oje. - She Was Raised Out in Brooklyn,oje.,4_a
possible,montell2099,4_a
space,montell2099,4_a
Joyce Wrice - Good Morning (Slom Remix),slom,4_a
Untangling,ELI MURO,4_a
dots,DILIP,4_a
joyce wrice - good morning (j.robb remix),J.ROBB,4_a
Vol. 143 (The Slow Jam Cypher),Team Supreme,4_a
Milkshake,DEFFIE,4_a
Blessed,Daniel Caesar,4_a
We Find Love,Daniel Caesar,4_a
Hucci & Gravez - Bless,HU‚Çµ‚ÇµI,4_a
show me what u got (w/ jamvvis),J.ROBB,4_a
dilip & callahan - levitate,DILIP,4_a
dilip & callahan - iris,DILIP,4_a
dilip & callahan - elegance,DILIP,4_a
Dreaming,bowtye,4_a
"Love Be Like, Oh (Mac Edit)",jmac,4_a
Let Me Know,Galimatias,4_a
HudMo - Forever 1 (Cashmere Cat Edit),CASHMERE CAT,4_a
NOTICE ME | IAMKRT,IAMKRT,4_a
matame,west1ne,4_a
My Memory Isn't So Good,Hyan,4_a
Only You,Skater,5_a
skater X j.robb - Bye (feat. Ny Odus) Draked,Skater 2,5_a
skater x j.robb - Girls,Skater,5_a
Back It Up (feat. Tadafi),Skater,5_a
Conversations,Naji,5_a
Olu's House,Naji,5_a
Long Distance (feat. Jeanie),Naji,5_a
Hindsight,Naji,5_a
Do You,Naji,5_a
unforgettable,west1ne,5_a
Kompany w/ Smino & Phoelix,monte booker,5_a
SWANG,monte booker,5_a
Montell2099 x 21 Savage - Hunnid On The Drop,Red Bull,5_a
ctrl,montell2099,5_a
flute her,montell2099,5_a
reach,montell2099,5_a
whats your name,montell2099,5_a
arp,montell2099,5_a
Low Life Flip,Mo Vibez,5_a
ANH & Mo Vibez - Spacin (feat. Anuka),Elysian Records,5_a
Into Eternity,Mo Vibez,5_a
That Love,Mo Vibez,5_a
One for Abe,Mo Vibez,5_a
Body and Soul,Mo Vibez,5_a
"Sitting here at night,gotta work tomorrow",Mo Vibez,5_a
Esta - PressPlay,HW&W Recordings,5_a
Sinjin Hawke - Onset (KRANE & Alexander Lewis Remix),KRANE,5_a
Territory,medasin,5_a
Over Due,BlaqTuxedo,5_a
"a digital love (excerpt from internet theory, pt.1)",whereisalex,5_a
drake flow.,whereisalex,5_a
"internet theory, part one",whereisalex,5_a
Won't Forget,Galimatias,5_a
IAMNOBODI // Better Off,IAMNOBODI,5_a
Wake Up!,DECAP,5_a
see you out there,DECAP,5_a
Stages,stwo,5_a
...bruh,sam gellaitry,5_a
Krs. // No Love,Krs.,5_a
GLOW W/ NICK PACOLI & WEST1NE,Sean Dream,5_a
HEATROCK W/ MADBLISS,Sean Dream,5_a
OMM W/ RNDYSVGE & ALI,Sean Dream,5_a
FANTASIES,Sean Dream,5_a
Babylon ft. Denzel Curry,EKALI,5_a
Fulltime (feat. Drama B),Juelz,5_a
YODAK BELLOW,J.ROBB,5_a
fallinlove,IOAH,5_a
"Soulection Radio Show #322 ft. Andre Power, Kronika, Andres Uribe, Sahar Habibi & Monty Lov",SOULECTION,5_a
"SCAPE #002: Brazil, by Sango (guestmix)",seangran,5_a
SOUDIERE - Servin',Souletiquette.,5_a
Senpu - Make Me Feel,Souletiquette.,5_a
Truancy Volume 96: Rook Milo,TRUANTS,5_a
want you w/ ||DILIP|| & KEV,yugi boi,5_a
"ASAP Ferg x Ski Mask, the Slump God ""ILoveYourAunt""",A$AP Ferg,5_a
Soulection Radio Show #324 ft. Sonder,SOULECTION,5_a
Track of the Day: Nick Wisdom ft. Reva Devito ‚ÄúFeelin‚Äô Alright‚Äù,INSOMNIAC,5_a
Myself,JOSEPH LETRANGER,5_a
revive w/ otxhello and yugi,DILIP,5_a
attached,verzache,5_a
presence,DIVERSA,5_a
catching feelings,DIVERSA,5_a
wild thoughts (medasin remix),medasin,5_a
Call Me Over,Always Never,5_a
Wylin',Always Never,5_a
All You Need,Always Never,5_a
freaky,esta.,5_a
"no problem w/ ||DILIP||, otxhello & ny odus",yugi boi,5_a
Think Twice (Prod. Scott Storch),Russ,5_a
No Ice (prod. Smash David & Dave Sava6e),Cousin Stizz,5_a
Up To Something (prod. FrancisGotHeat),Cousin Stizz,5_a
close your eyes,jamesbryce.,5_a
Murder w/ Jarreau Vandal & Emmavie,ROMderful.,5_a
girlfriend?,ROMderful.,5_a
DrewsThatDude Mix For JayemKayem - 9.18.17,DrewsThatDude,5_a
pistol w/ DILIP & yugi boi,otxhello,5_a
Revelation / Untitled,IAMNOBODI,5_a
IAMNOBODI & Insightful - Wassup,IAMNOBODI,5_a
Smino - Runnin (IAMNOBODI Remix),IAMNOBODI,5_a
27,IAMNOBODI,5_a
Deeper (featuring Emmavie),IAMNOBODI,5_a
TroyBoi - Amadeus,TroyBoi,5_a
Don't Be Judging (MJ Edition),TroyBoi,5_a
Smile,TroyBoi,5_a
Zone,TroyBoi,5_a
Sensei,TroyBoi,5_a
Grimey,TroyBoi,5_a
Stooki Sound x Mr.Carmack - UPPERS,St√∂√∂ki Sound,5_a
Loud (feat. Naji) [NEST HQ Premiere],Evil Needle,5_a
Ar,TEK.LUN,5_a
DIVERSA - underscore - bae,“Ü“Öa,5_a
Why,pearson,5_a
Monolith [Overture] - Sinjin Hawke,FRACTAL FANTASY,5_a
Dawn Of Infinity - Sinjin Hawke,FRACTAL FANTASY,5_a
Don't Lose Yourself To This - Sinjin Hawke,FRACTAL FANTASY,5_a
Core,RL Grime,5_a
Ok :),montell2099,5_a
Bon Iver - Flume (On Planets Cover),On Planets,5_a
Ekali ‚Äì Babylon ft. Denzel Curry (sober rob & oshi remix),EKALI,5_a
wanna be a balla,MadBliss,5_a
Vintage,seanleon,5_a
"A. KILL MY MIND (PRODUCED BY SEAN LEON, WONDAGURL, MADEAT2AM, JACK ROCHON)",seanleon,5_a
Joy.,chromonicci.,5_a
2Free [prod. by Mikos Da Gawd],Rexx Life Raj,5_a
Freedom Love (feat. Goapele) [Prod. by Kyle Betty],Rexx Life Raj,5_a
Running Man [Prod. By Mike Gao] *OFFICIAL VIDEO IN DESCRIPTION*,Rexx Life Raj,5_a
Location (RexxStyle),Rexx Life Raj,5_a
DKVPZ - Chose One,INVDRS,5_a
Chapters,Roto,5_a
drunk,monte booker,5_a
Swish,Landyn,5_a
With Or Without,andersnst,5_a
Diamonds,andersnst,5_a
You For You,andersnst,5_a
December ft. LUCA,andersnst,5_a
The Days,andersnst,5_a
Notice (Interlude),andersnst,5_a
On My Way,andersnst,5_a
Say Something (Produced by Stwo),Marr Grey,5_a
Wat U On,SAVON,5_a
Can You,Da-P,5_a
Ja√´l x Jengi x Wantigga - Maisons AÃÄ Horta,Wantigga,5_a
On Me (prod. ROMderful),Rahmaan,5_a
Ego Drop,ohbliv,5_a
ssselena,nekolai,5_a
Medasin - Triple J Mini Mix 2017,medasin,5_a
Blowback,Galimatias,5_a
ADE 2017 - Klear @ Paradiso Set,DrewsThatDude,5_a
J.Robb - TakeMee (ft. Devin Tracy),SOULECTION,5_a
J.Robb - Drumss,SOULECTION,5_a
J.Robb - WhatUWantt (ft. DEJA & Ciscero),SOULECTION,5_a
J.Robb - GoodLovinn (ft. Devin Tracy),SOULECTION,5_a
New Ting feat. Ye Ali (Juelz Remix),Austin Millz,5_a
martin j. ballou & madbliss - syrup,MadBliss,5_a
KMB - Unity,Lucid Monday,5_a
Krs. // Get u,Krs.,5_a
"The End w/ hxns, anka, chromonicci, dilip, otxhello, kev & anh",yugi boi,5_a
Non-Stop,Da-P,5_a
flow,DILIP,5_a
figaro,Mo Vibez,5_a
Caught Me,Deekapz,5_a
De Rajada Ft. Mc Rianny,Deekapz,5_a
Quando Voc√™ Chegar,Deekapz,5_a
Focus,Deekapz,5_a
DKVPZ - Bonde do Neo Soul,SOULECTION,5_a
DKVPZ - Menina,SOULECTION,5_a
DKVPZ - Aqui no Baile,SOULECTION,5_a
DKVPZ - N√£o olha pro lado,SOULECTION,5_a
Gambling Hearts,Harrison Brome,5_a
Sex Calls,Harrison Brome,5_a
Boy (Bonus Track),Harrison Brome,5_a
Thii (Prod. by Che Ecru),CHE ECRU,5_a
Banana,hayleau üåº,5_a
You're Mine,hayleau üåº,5_a
On Me,hayleau üåº,5_a
Nice and Slow,hayleau üåº,5_a
Get Thru,hayleau üåº,5_a
Cautious Clay - Cold War (Iamnobodi Remix),IAMNOBODI,5_a
Daryl Hall & John Oates - I Can't Go For That (No Can Do) [Pomo Remix],Pomo,5_a
Daydream (ft. JOBA),medasin,5_a
JAHKOY - California Heaven (Medasin Remix) ft. Schoolboy Q,medasin,5_a
Girl..,ROMderful.,5_a
Nakala ~ Gotta Have Them,Nakala,5_a
Nakala ~ Day One,Nakala,5_a
Nakala ~ Cruise Freestyle,Nakala,5_a
Nakala ~ Still Love (Live Acoustic),Nakala,5_a
Nakala ~ Foolish,Nakala,5_a
Off Top (with Freddie Gibbs),lophiile,5_a
Solo,JOSEPH LETRANGER,5_a
Naji - Might Just (Ft. Krs. & Kingbnjmn),SOULECTION,5_a
Bodega Pirate Radio - Episode #4 - DrewsThatDude Set Live From Complexcon 2017,Bodega Pirate Radio,5_a
TEK.LUN - Lonely Loss,HW&W Recordings,5_a
Fwdslxsh: Music To... Drift To,i-D,5_a
Hit The Ceiling (Zikomo Remix),LION BABE,5_a
Over U,stwo,5_a
Ready,JOEY XL,5_a
Back To Basics (feat. Lou Val),GOVI,5_a
Snoh Aalegra - Time (GOVI Remix),GOVI,5_a
crystal,zotti,5_a
bad and boujee w/ ||DILIP||,yugi boi,5_a
hold up w/ ||DILIP||,yugi boi,5_a
hot up in the 6 w/ otxhello,yugi boi,5_a
TEK.LUN - Windows,HW&W Recordings,5_a
"inimicvs, singularis & dilip - moonset",Lucid Monday,6_a
oak & yugiboi - rom sample,Lucid Monday,6_a
otxhello - drag,Lucid Monday,6_a
ANH & Quickly Quickly - Phases Ft Yugi Boi & Dilip,ANH,6_a
"ANH & Quickly, Quickly - Peak",ANH,6_a
VHOOR - Socad√£o,Lucid Monday,6_a
Promiscuous,VHOOR,6_a
kali uchis - ridin round ft. tory lanez (oshi redo),oshi,6_a
mr carmack - going crazy (oshi redo),oshi,6_a
i call this the i lost all my projects blues,oshi,6_a
cavalier - be your girl (oshi remix),oshi,6_a
weird inside - just ask (oshi redo),oshi,6_a
call me,oshi,6_a
heal you (oshi redo) ft. jamal woon & courtney bennett,oshi,6_a
fly,oshi,6_a
Pacific Ave (Ft. Ordnry Yngstr),ùêøùëíùëîùëí ‰ºùË™¨,6_a
Just A Game (ft. Doruntina),Clish√©,6_a
Snake,Clish√©,6_a
American Boy,Clish√©,6_a
crime,s.charles,6_a
all u had,s.charles,6_a
let me down,s.charles,6_a
overclock,s.charles,6_a
silicone,s.charles,6_a
Afterlife (feat. Jarell Perry),Hex Cougar,6_a
Mr. Carmack - Pay (For What),SOULECTION,6_a
DIMEPEICE122,MR‚Ä¢CAR/\\ACK,6_a
beyonce,MR‚Ä¢CAR/\\ACK,6_a
Mr. Carmack X GANZ X Partygirls V3,MR‚Ä¢CAR/\\ACK,6_a
Apollo,MR‚Ä¢CAR/\\ACK,6_a
Delicate Mornings1,MR‚Ä¢CAR/\\ACK,6_a
FORKENDRICKFINISHTONIGHT1112,MR‚Ä¢CAR/\\ACK,6_a
Love Love,MR‚Ä¢CAR/\\ACK,6_a
DAD126: Ekali,MusicNBlog,6_a
12,88GLAM,6_a
Ricardo,88GLAM,6_a
Bali (feat. NAV),88GLAM,6_a
Ice On My Leash,88GLAM,6_a
Lavish,88GLAM,6_a
Marina,88GLAM,6_a
Heisman,88GLAM,6_a
Baby Bro,88GLAM,6_a
Kyrie,88GLAM,6_a
Cake,88GLAM,6_a
Give N Go,88GLAM,6_a
Chemistry,88GLAM,6_a
almost doesnt count,wntr,6_a
just ask,weird inside,6_a
chillin with girlfriends,MR‚Ä¢CAR/\\ACK,6_a
me gusta,KMB,6_a
sunset,KMB,6_a
darkdarkdark,KMB,6_a
elegance,KMB,6_a
boogaloo w/ Ordnry Yngstr,KMB,6_a
Genshin - Changes,Genshin„ÄÇ,6_a
PALM TREES,MXXWLL,6_a
LIFTED,MXXWLL,6_a
THROWBACK,MXXWLL,6_a
MONDAY FONK,MXXWLL,6_a
LATE NIGHT THOUGHTS,MXXWLL,6_a
ONE FOR THE ROAD,MXXWLL,6_a
LONG FLIGHTS,MXXWLL,6_a
"Krs. ft. Oshi, kingBnjmn & Elhae // Make It Last",Krs.,6_a
Krs. //  Luv Up,Krs.,6_a
Krs. // Circles Riddim,Krs.,6_a
Krs. // Falling ft. Kes. The Band,Krs.,6_a
Krs. x tobi lou // game ova,Krs.,6_a
Krs. // July 23,Krs.,6_a
Krs. x Logan Chapman // drugs. demo,Krs.,6_a
Krs. // Girls From The Valley,Krs.,6_a
Krs. // Human,Krs.,6_a
Krs. // Like So,Krs.,6_a
Krs. // Stop Sign,Krs.,6_a
Krs. // Insecure,Krs.,6_a
Krs. // Rock Your Body,Krs.,6_a
krs. + pillow talk,krs. remixes,6_a
Krs. // Bitches n Hoes,Krs. few,6_a
krs. + don't need u,krs. remixes,6_a
krs. + return of the mack,krs. remixes,6_a
krs. + wanna be down?,krs. remixes,6_a
krs. + tempreture w/ Jamie Blake,krs. remixes,6_a
krs. + let me luv u,krs. remixes,6_a
krs. + feel like do.,krs. remixes,6_a
DIJON- VIOLENCE ),Abhi//Dijon,6_a
DIJON- tv blues,Abhi//Dijon,6_a
Dijon - Stranger (3),Abhi//Dijon,6_a
blueberry,verzache,6_a
hours w/ tregs,verzache,6_a
multicolour w/ goldwater,verzache,6_a
waiting for u w/ swell,verzache,6_a
cascade w/ anh,verzache,6_a
winter rush,verzache,6_a
prudent,verzache,6_a
down with u,wntr,6_a
only u,wntr,6_a
estilo,wntr,6_a
luv rain (refurbished),wntr,6_a
mura masa - lotus eater [swindail remix],swindail,6_a
JUSSRITE (feat. SACHI & Naji),swindail,6_a
GoldLink - Dark Skin Women (Cosmo's Midnight x Swindail Remix),Cosmo's Midnight,6_a
gellaitry groove,swindail,6_a
iamnobodi - when you know it [swindail edit],swindail,6_a
DEATHUPON,juku,6_a
NOW,juku,6_a
He Loves Me,Zikomo,6_a
LAYLOW w/ Mike Gao,JR JARRIS,6_a
Turbulence - IAMNOBODI,Natalie Kapanadze,6_a
JR Jarris ~ SATURDAY,Film Noir Sound,6_a
773 ft. AC & Jeremih,FORTUNE,6_a
Movie,Tom Misch,6_a
Lovinuu (feat. J.Robb),Devin Tracy,6_a
"hoodies w/ dilip,otxhello,chromonicci & senojnayr",yugi boi,6_a
Not Long Ago,Onra,6_a
Bedside ft. AYVA,Sprint Connor,6_a
Outland,Gene Pool,6_a
In the Alley,Gene Pool,6_a
pieces (prod by. j.robb),Oh Hi Ali,6_a
god will let me know,dakun,6_a
Millions,Always Never,6_a
Sade - Nothing Can Come Between Us (Pomo Edit),Pomo,6_a
Tinashe - Vulnerable (Pomo Remix),Pomo,6_a
A-Trak & YehMe2 - Neo Wokyo,Fool's Gold Records,6_a
COUNT ON ME (ft. Tommy Bronson),Auto,6_a
Talk No More (ft. Tommy Bronson),Auto,6_a
Krs. // Wifey Riddim,Krs.,6_a
HOLD U DOWN,WEVLTH,6_a
ontStp,Foisey.,6_a
Stonefruit.,Foisey.,6_a
ChocolateRaspberri.,Foisey.,6_a
Foisey. - TooMch4u,SOULECTION,6_a
Foisey. - Flote'nn,SOULECTION,6_a
Foisey. - AlliWant2,SOULECTION,6_a
Foisey. - InmyPrime,SOULECTION,6_a
Foisey. - YewKnwWssup,SOULECTION,6_a
Foisey. - BeFree[WenCanI],SOULECTION,6_a
Mac Ayres & Jack Dine - Something (feat. Psalm),Arim√©,6_a
Airport Bar (Prod. by Evil Needle),goodboy noah,6_a
Twelve,Abhi//Dijon,6_a
It's Difficult to Explain,DJ BORING,6_a
Different Dates,DJ BORING,6_a
Left Without Saying Anything,DJ BORING,6_a
John Waters,DJ BORING,6_a
This Ain't Right (U Should Know),DJ BORING,6_a
2018,SINGULARIS,6_a
Singularis - Rain,SOULECTION,6_a
Singularis - Snow,SOULECTION,6_a
Singularis - Head Up,SOULECTION,6_a
solace,"quickly, quickly",6_a
Needs,verzache,6_a
attitude.,FORTUNE,6_a
LIFT w/ chromonicci.,DECAP,6_a
finesse.,FORTUNE,6_a
IRENE 0.5,medasin,6_a
Into Me.,chromonicci.,6_a
dontellem,esta.,6_a
ifuloveme,esta.,6_a
bckst freestyle,esta.,6_a
greyluhhriddim,esta.,6_a
imagine (feat. shiloh),vowl.,6_a
weightless (feat. Hanz),vowl.,6_a
Show You (feat. Elujay / prod. j.robb),EILEEN SHO JI,6_a
JLJ w/ Montell2099,sysyi,6_a
Taurine,DYZPHORIA,6_a
all my friends are dead,DYZPHORIA,6_a
Mediate,DYZPHORIA,6_a
Eternal,DYZPHORIA,6_a
"010 (Ft. K, Le Maestro & Chromonicci.)",ùêøùëíùëîùëí ‰ºùË™¨,6_a
Maverick (W/ KMB),ùêøùëíùëîùëí ‰ºùË™¨,6_a
Juelz & Landyn - Bird Flu,Lowly.,6_a
Adhesive,BLANDA,6_a
Lawd ft. Papa Bear,BLANDA,6_a
DEFFIE & BLANDA - Wheelie,DEFFIE,6_a
Love & Theft,BLANDA,6_a
Bacteria,Cavalier,6_a
WYDWM (feat. Tylor Jay Santos),GOVI,6_a
Twilight,capshun,6_a
Spark.,chromonicci.,6_a
Lately,koji.,6_a
Solstice,koji.,6_a
Nothin On U,koji.,6_a
Honest,koji.,6_a
bruno mars - finesse (whereisalex bootleg),whereisalex,6_a
trust,xander.,6_a
avoidance,xander.,6_a
cherish,xander.,6_a
around,xander.,6_a
fantasy,xander.,6_a
goinghome,xander.,6_a
neverthere,xander.,6_a
wanting,xander.,6_a
passion pit // sleepyhead (octbr flip),octbr,6_a
telepopmusik // breathe (octbr flip),octbr,6_a
party girls,octbr,6_a
u know what i need,octbr,6_a
"kiwi, with halpe",octbr,6_a
blackbear // idfc (octbr bootleg),octbr,6_a
Don't Call Me,Kendra Dias,6_a
TELL ME (Produced By Tek.Lun),Lou Phelps,6_a
Average (Featuring KALLITECHNIS),Lou Phelps,6_a
What We Been Thru,Lou Phelps,6_a
My Forte (feat. CJ Flemings)[Prod. by KAYTRANADA],Lou Phelps,6_a
What Time Is It? (feat. Innanet James)[Prod. By KAYTRANADA],Lou Phelps,6_a
Massively Massive part 2.,Lou Phelps,6_a
I Got It,Lou Phelps,6_a
LAST CALL (Featuring Bishop Nehru),Lou Phelps,6_a
Be With U,Tajan,6_a
The Beauty of It All,Tajan,6_a
Breathe,1nekolai,6_a
Fortune - Take Me,FLOW FI,6_a
westside.,FORTUNE,6_a
THEY. - Back It Up (Fortune Remix),FORTUNE,6_a
Sometimes w/ IAMNOBODI,FORTUNE,6_a
Mortal (feat. Jeff Bernat),Cavalier,6_a
Lovely,Rascal,6_a
Little Bit,Hablot Brown,6_a
UNIVERSE,Cavalier,6_a
Allure,Cavalier,6_a
Atu - Live on Soulection Radio Show #127,SOULECTION,6_a
Astrid's Song (Extended Snippet),Atu's Lost Tracks,6_a
Fntsy,Atu's Lost Tracks,6_a
For Us,Atu's Lost Tracks,6_a
Jelly Ingram LNA (Cut),Atu's Lost Tracks,6_a
September Nights,Atu's Lost Tracks,6_a
Wanna Luv U (Slow Interlude),Atu's Lost Tracks,6_a
Aaliyah - Come Over,DJSpazz,6_a
like me,whereisalex,6_a
The Future Beats Show 175 Featuring Sango & Sundae Sauuce,Complexion,6_a
tobi lou - TROOP (ft. Smino),tobi lou,6_a
Apocalypse,PYRMDPLAZA,6_a
South,Galimatias,6_a
starRo & Kyle Dion - Time Off,starRo,6_a
CPR,Summer Walker,6_a
ford. - Sirens,ford.,6_a
The Internet - Roll (Burbank Funk) [KAYTRANADA Remix],"""KKAAYYTTRRAA""",6_a
MADISON,HXRY,6_a
1 On 1,Leven Kali,6_a
Soulection Radio Show #324 ft. Sonder,SOULECTION,7_a
Type (Prod by Dub the Prodigy & TEAUXNY),Marr Grey,7_a
G-Code (Prod By Topflr),Marr Grey,7_a
LONELY (Prod. by @cheecru),CHE ECRU,7_a
2AM (Prod. by @cheecru),CHE ECRU,7_a
Starchild,Elujay,7_a
Melo-Zed -  Back Home,HW&W Recordings,7_a
Misfit,Naji,7_a
Come Over feat. Leaf,High Klassified,7_a
NS Bounce feat. Da-P,High Klassified,7_a
Deep,Summer Walker,7_a
410 Outlook (Prod by Topflr),Marr Grey,7_a
Undefeated (Prod by G Ry OG Parker),Marr Grey,7_a
„Çπ„É¢„Éº„ÇØ,SwuM,7_a
Got Me Like (prod. by whereisalex),Vada,7_a
Devin Tracy x Evil Needle - Give it Back,Devin Tracy,7_a
Henri Dust,Gene Pool,7_a
Way Star,Gene Pool,7_a
FREE LUNCH - (a beat tape by Chris McClenney),McClenney,7_a
Sinjin Hawke & Zora Jones - God (August 3rd),Planet Mu Records,7_a
SOSUPERSAM - Like (E.DOZA Remix),E.DOZA,7_a
one thing,"K, Le Maestro",7_a
TR808,olswel,7_a
I Can Tell (prod. Dpat),asante,7_a
Premiere: Sinjin Hawke & Zora Jones 'Source of Conflict',Mixmag,7_a
Makzo & The Kount - Morph,Makzo,7_a
Hablot Brown & Maths Time Joy - Reason,SOULECTION,7_a
Hablot Brown - Easy For You,SOULECTION,7_a
Hablot Brown - Lonely (ft. ESTA.),SOULECTION,7_a
Hablot Brown - Pressure (ft. Gabrielle Current),SOULECTION,7_a
Hablot Brown - Gone,SOULECTION,7_a
rainy,FLATDELISHES,7_a
fake strings,FLATDELISHES,7_a
sammy g,FLATDELISHES,7_a
Confession,magnusklausen,7_a
Lowkey,R O J O,7_a
Vicious Circles - Sinjin Hawke & Zora Jones,Zora Jones,7_a
Solace [Interlude] - Sinjin Hawke & Zora Jones,Zora Jones,7_a
Gravez x Oshi - Sell Soul,OSHI'S GEMS ‚ô™,7_a
Oshi - Motion,OSHI'S GEMS ‚ô™,7_a
Might As Well w/ Felonious x DILIP x Ordnry Yngstr,Roshima,7_a
amor fugitivo,cay caleb.,7_a
Cool Side Of The Pillow,KyleDion,7_a
life,SINGULARIS,7_a
Be the One (feat. TAJA & Singularis),"K, Le Maestro",7_a
Technicolor,Sunni (Col√≥n),7_a
LOVE U (w/ AndreaLo),MISOGI,7_a
PISTOLGRIP (w/ Cavalier),MISOGI,7_a
MAGIC CONTAINER (w/ Dirty Chocolate),MISOGI,7_a
Stay There feat. Xavier Om√§r,Brasstracks,7_a
long distance VIP,sam gellaitry,7_a
tyga - taste (baile flip),paul mond,7_a
God - Sinjin Hawke & Zora Jones,Zora Jones,7_a
FLY HIGH 006,SNAKEHIPS,7_a
All Over You,Majid Jordan,7_a
Spirit,Majid Jordan,7_a
Healing.,chromonicci.,7_a
Too Future. Guest Mix 104: UZ & Montell2099,Too Future Mixes,7_a
The Time of My Life,Juelz,7_a
lights out w/ ayelle,sonn,7_a
mercy w/ ayelle,sonn,7_a
Chromonicci. - Let Go. (Bounce Back EP Out Now!),Sundae Sauuce,7_a
Control Ft. Dayla,JR JARRIS,7_a
4 Letters Feat. TZAR,Promnite,7_a
Swim Feat. B. Lewis,Promnite,7_a
I Understand (Prod. By 10A),10A,7_a
JumpOnIt.,Foisey.,7_a
taste,Gravez,7_a
"88rising - Midsummer Madness feat. Joji, Rich Brian, Higher Brothers & AUGUST 08 (KRANE Remix)",KRANE,7_a
What You Saying? x TƒÄLƒÄ,Jarreau Vandal,7_a
Jarreau Vandal - Don't Think About It,SOULECTION,7_a
Jarreau Vandal - Perfect For Me,SOULECTION,7_a
Jarreau Vandal - Saw You,SOULECTION,7_a
Jarreau Vandal - Until The Dawn,SOULECTION,7_a
Falcons & B. Lewis - Fantasy (ft. P-Lo),FALCONS,7_a
Bloodshot,AmirObe,7_a
"rise w/ K, Le Maestro",SINGULARIS,7_a
Drip (ft.chromonicci),yugi boi,7_a
1738,esta.,7_a
"yes, i know",s.charles,7_a
LET ME FIND OUT (feat. Lil Baby),Jordan Hollywood,7_a
007 - Atu x Suffoca,Create & Explore,7_a
Falcons & B. Lewis - Waterworld (ft. GoldLink & Jazz Cartier),FALCONS,7_a
Nakala ~ Ringer,Nakala,7_a
Nakala ~ Oh Girl,Nakala,7_a
Nakala ~ Somebody Else,Nakala,7_a
Nakala ~ You Don't Know,Nakala,7_a
Nakala ~ Rotation,Nakala,7_a
Nakala ~ Never Changed,Nakala,7_a
Nakala ~ Obvious,Nakala,7_a
Nakala ~ Shelby,Nakala,7_a
The Midnight Fox,Simba Andrews ‚ú™,7_a
dawn,west1ne,7_a
faded/2am (feat. GoldLink),LILA DREW,7_a
silence 108bpm,HANS,7_a
Miles Away,RVDICAL THE KID,7_a
Girl // Jeftuz,kissy wissy,7_a
Sonder Radio,Sonder,7_a
Own.me,Telescope Thieves,7_a
naked,aywy,7_a
slow hours,weird inside,7_a
XIOÃÅN,Cavalier,7_a
Take Shelter (Atu Remix),Years and Years,7_a
One Up,Da-P,7_a
Esta - Hruby,Forward Future,7_a
M.I.A.,JAKE HOPE,7_a
What's the deal,JAKE HOPE,7_a
Play This In The Club,Juelz,7_a
Introvert (feat. H/\rvey),laxcity,7_a
Heartbeat (feat. Nakala),laxcity,7_a
Catch Me (feat. Sherry W),laxcity,7_a
Under a Lampshade (feat. Ezra James & Emawk),laxcity,7_a
Night Drive 001,NOSAJ THING,7_a
Solace,capshun,7_a
Here,capshun,7_a
Sonn & Hanz - Saviour (feat. KSR) [Makzo Remix],Makzo,7_a
Bramen w MiddleEast,The Kount,7_a
Montell2099 & Haan808 - Yah,Haan808,7_a
DEFFIE + ROM - Jumpsuit 2 (Das Bae),DEFFIE,7_a
mary mary - shackles (whereisalex remix),whereisalex,7_a
dreamcatcher,Gravez,7_a
strippp,PYRMDPLAZA,7_a
goat.status,J.ROBB,7_a
chill.study,J.ROBB,7_a
bentely.truck.feat.duzzo.dave,J.ROBB,7_a
kore.techs,J.ROBB,7_a
twirl,monte booker,7_a
(mostly) unreleased mixx #FIREFEST2019,"quickly, quickly",7_a
V.I.I w/ OmarCameUp & bsterthegawd.,anbuu,7_a
QT,nekolai,7_a
What You Need edit,Sean Dream,7_a
journey,otxhello,7_a
Mr. Skitters,medasin,7_a
dawn,enuar,7_a
take you there (kmb flip),KMB,7_a
Rain Down On Me,RVDICAL THE KID,7_a
yourworth,"quickly, quickly",7_a
pity points,underscores,7_a
Memories,Sofasound,7_a
lotus,pandi,7_a
Alexander Lewis & Fortune - Horizon,FLOW FI,7_a
praise dance,whereisalex,7_a
Soulection Radio Show #395 ft. J.Rocc (Dilla Tribute),SOULECTION,7_a
Devin Morrison - No,NBNrecords,7_a
Devin Morrison & Mndsgn - Thnkfl,Devin Morrison,7_a
Devin Morrison & Mndsgn - Backseet(SAEX),Devin Morrison,7_a
10: HXNS - I'll Be Right There,M&O,7_a
What You Heard,Sonder,7_a
big t shirt,auxtin marc,7_a
JUNGLE (Ft. Masego),ùë¥ùë∂ùëºùëµùëª ùëΩùë¨ùëπùëµùë∂ùëµ,7_a
excuse me. (i think you're so beautiful),ROMderful.,7_a
vice versa,Deekapz,7_a
Falcons ‚Äî Fluidity Vol. 3,FALCONS,7_a
Real Something (prod. by ESTA.),Rayana Jay,7_a
Redo,DAVESTATEOFMIND,7_a
Bad Boy (Prod By Brent Faiyaz + Mike Blud),Amber Olivier,7_a
RESET,sober rob,7_a
Rgry - Good2u,Future Haze,7_a
Nights Like This (feat. Ty Dolla $ign) [Snakehips & B. Lewis Remix],Kehlani,7_a
27 w/ cozy kev,Roto,7_a
Kanye West X Denzel Curry - Sunday Service (VANDALIZED EDIT),Jarreau Vandal,7_a
We Be Rocking,FORTUNE,7_a
ROMderful & Shakka feat. Dounia - Run Tings,ROMderful.,7_a
Impulse w Falcxne,The Kount,7_a
Slowly,falcxne,7_a
"Braxton Cook ""Never Thought (quickly, quickly Remix)""",Fresh Selects,7_a
Where I Wanna Be (prod. LUCA),andersnst,7_a
dazed.,sptmbr yngstr.,7_a
Crush On U,FORTUNE,7_a
With You feat Joyce Wrice,NBNrecords,7_a
Robbie,SINGULARIS,7_a
Sway,SINGULARIS,7_a
Never Change,SINGULARIS,7_a
Spring,SINGULARIS,7_a
BeBop,SINGULARIS,7_a
Summer,SINGULARIS,7_a
Milo's Song (feat. Ye Ali),Juelz,7_a
levels w/ L*o*J,DILIP,7_a
Singularis - Wyyy,Lucid Monday,7_a
Motion feat. On The Fence,Wantigga,7_a
Hope This Beat Dies (breathe),TEK.LUN,7_a
hopscotch,whereisalex,7_a
Soulection Radio Show #401 ft. Jarreau Vandal (Takeover),SOULECTION,7_a
bemygirl w/ ordnry yngstr,Amah,7_a
Plum ft DrewsThatDude,TEK.LUN,7_a
Sunrise (spotify),fabio,7_a
Ashton McCreight - Fantasy Girl,Souletiquette.,7_a
what,olswel,7_a
2 Late,nekolai,7_a
Meta feat. bbno$,graves,7_a
Hilo feat. Boombox Cartel,graves,7_a
"Mr. Carmack @ Do Lab, Coachella 2019",MR‚Ä¢CAR/\\ACK,7_a
Iloveyoubecause.,capshun,7_a
Analog Intro W Mike Gao,Forward Thinkers Group,7_a
Reasons,HXRY,7_a
SUPPLY,HXRY,7_a
Naomi Campbell '96,IAMNOBODI,7_a
take you there (w garrickson),larce,7_a
WYLN - Dat Girl,TRILLERS,7_a
steelix-lay it down,ig: yungsteelix,7_a
Callin w/ Chromonicci & Oxthemoron,yugi boi,7_a
1995,J.ROBB,7_a
Deez,Da-P,7_a
glue,nono,7_a
how selfish it seems,nono,7_a
velour pants,auxtin marc,7_a
LA Feat. Young Citrus & Jose,Sofasound,7_a
Shanghai Nights (feat. Dirty Radio),Juelz,7_a
right witcha,Omar ÿè,7_a
baller,donovan,7_a
brand new,esta.,7_a
nervous (feat. BADBADNOTGOOD),jonah yano,7_a
jazz ting w/ DILIP,otxhello,7_a
Switch.,chromonicci.,7_a
In Pursuit Of... (Instrumental),"K, Le Maestro",7_a
Enough (About Me) [feat. The-Dream],stwo,7_a
how many times,tek.lun b-sides,7_a
Catchy Melody (Something Different),olswel,7_a
"Sade (ft. Lake Stovall, Elujay & JULiA LEWiS)",Ryan Hemsworth,7_a
Freaky(feat Bridge & Nonso Amadi),Cruel Santino,7_a
Adore,PYRMDPLAZA,7_a
capshun - Ode To Sammy G,Souletiquette.,7_a
matrix,lotus eyes,7_a
Mr. Carmack - Humbled,SOULECTION,7_a
No Idea,Don Toliver,7_a
Soulection Radio Show #410 ft. ESTA. (Takeover),SOULECTION,7_a
Local Natives - When Am I Gonna Lose You (Medasin Remix),medasin,7_a
dog eyes (edit),nekolai,7_a
Jeftuz - My Love,HW&W Recordings,7_a
Madonna,SwuM,7_a
BOURNFLT W/ DA-P,jamvvis,7_a
Rising,capshun,7_a
joji - i don't wanna waste my time (SwuM redo),SwuM,7_a
Night Terrific! (feat. Yaqob),ODIE,7_a
pochords (demo),ODIE,7_a
Tory Lanez - Gold w/Mayzin,MAYZiN,7_a
Snake Charmer,Mo Vibez,7_a
twisted w/ ob,larce,7_a
OTW,senza,7_a
run right thru (house drum kit out now),austin marc,7_a
if only i knew,nono,7_a
Top of the World w/ lemonboi,troy sylvia,7_a
Do U Wrong (feat. Syd),Leven Kali,7_a
Mine,Leven Kali,7_a
2012,olswel,7_a
Anything,Promnite,7_a
Challange w/ Rome,Promnite,7_a
RAF,SINGULARIS¬≤,7_a
goosebumps w/ khoa,pandi,7_a
Flight,Roto,7_a
SG Lewis - No Less (Roto House ReWork),Roto,7_a
On Planets & Hanz - Holiday (Off The Edge),On Planets,7_a
Gas Pedal Ft. IamSu (YAYAYI Remix) \\ Sage The Gemini ‚Ä†,Holy Rail,7_a
Anytime (feat. Kehlani & ROMderful),Jean Deaux,7_a
Bruv. (Overdose Vol. 10 OUT NOW on SPLICE),chromonicci.,7_a
Lost it,olswel,7_a
ORDNRY YNGSTR - Feels w/ HXNS,Ordnry Yngstr,7_a
Glare,Roto,7_a
gowther pt. II,MANTRABLU,7_a
buzzed w/ roto,stripess,7_a
Vertigo,AN TY,7_a
Kabes - Spring,Destinuna,7_a
careful!,weird inside,7_a
out there,weird inside,7_a
Shambhala 2019 Mix Series - OAKK,OAKK,7_a
Online,Naji,7_a
Caught Up (feat. Khalid),Majid Jordan,7_a
echo,chirashe,7_a
Dusk w/ cozy kev,Roto,7_a
126378123,sinsam,7_a
ts vol.150 sub,herzeloyde,7_a
blue w/ dilip & enuar (NEW SAMPLE PACK OUT RN!!!),ini,7_a
TrialsOfAtheon,MANTRABLU,7_a
seasons,otxhello,7_a
Teknology (The Kount & Lege ‰ºùË™¨),The Kount,7_a
Dilip & Kev - Too Short,Lucid Monday,7_a
"Reloccs with Dilip, Othxllo, Inimicvs",MIKE GAO,7_a
LaLaLa,esta.,7_a
Venezuelan jawn,esta.,7_a
Teach Me,Cassie,7_a
stayaliveforme,FRVRFRIDAY,7_a
FLY HIGH 008 - Summer Fade Edition,SNAKEHIPS,7_a
Purity,laxcity,7_a
somebody,cigvicious,7_a
sosupersam - just in case (instrumental),E.DOZA,7_a
L*o*J - Slinky Drip,Lucid Monday,8_a
Soudiere - MOLLY WITH THE ORANGE JUICE,Lucid Monday,8_a
Inimicvs - Dreamy,Lucid Monday,8_a
Yugi Boi & EDP - Pawn,Lucid Monday,8_a
"Quickly, Quickly - SNAPEM",Lucid Monday,8_a
Alright,olswel,8_a
My Heart Belongs 2 U,Sofasound,8_a
JUICY FRUIT (WITH AU LUNE),Myles Jaeger,8_a
Wassup,Da-P,8_a
STELA.,cay caleb.,8_a
say it back,tenkai,8_a
cantexplainit,esta.,8_a
GUAP,Foolie $urfin,8_a
Play For Keeps,KayFaraway,8_a
ROMderful & KayFaraway - GetMyWay ft Lou Phelps,ROMderful.,8_a
Greenlight,KayFaraway,8_a
Nauseous,andersnst,8_a
anders - My Side of The Bed,andersnst,8_a
Wowzers,Sean Dream,8_a
tribute to dilla (2018),yung gee,8_a
shes a bih,james p,8_a
Snoh Aalegra - I Want You Around (Zikomo & DrewsThatDude Remix),Zikomo,8_a
Mahalia & Burna Boy - Simmer (Falcons remix),FALCONS,8_a
whoa,enuar,8_a
armani prod. eris,aeros,8_a
dox,west1ne,8_a
uno w/ roshima,stripess,8_a
Kaytranada x Mr. Carmack- I Cherish Youse,buddhai,8_a
REAL HER ( J-LOUIS ),J-Louis,8_a
johnny yukon - malibu feels (j.robb remix),J.ROBB,8_a
lido - dye (mossy. remix),mossy.,8_a
Goodbye (read description),V E S T I G E,8_a
Drake Ft. JheneÃÅ Aiko - From Time (Atu & Sango Edit),Mina,8_a
MALIBLUE,FRVRFRIDAY,8_a
Idea 628,Jayla Darden,8_a
Onto Something,Jayla Darden,8_a
FUXWITHIT Guest Mix: 076 - olswel,FUXWITHIT,8_a
flgd,SHEKI,8_a
memory lane,Mitch Geist,8_a
PLTO - All Or Nothing,PLTO,8_a
Lotus Maat - Loving Me,Lotus Ma'at,8_a
GTI,SAVON,8_a
two time w/ legend,lvusm,8_a
Keyshia Cole + Esta = Love,Duncan Gerow 4,8_a
Come Around (prod by J.robb),TREDERAYE,8_a
Kickback,omar apollo,8_a
IdEas Taped,esta.,8_a
Olswel - Knock Knock,Lucid Monday,8_a
details,cozy kev,8_a
Krs. // Rock With U Edit,Krs.,8_a
Justin Timberlake + Summer Walker = My Love,Duncan Gerow 6,8_a
Lost Tapes 2013-19,SNAKEHIPS,8_a
Brisbane,Vi√©nce,8_a
sixteen125,olswel,8_a
Black Tee,Elujay,8_a
Tings Come N Go,Elujay,8_a
Dilip & Tek.lun - Essential,Lucid Monday,8_a
Master Soul Boy - Lift Off,Lucid Monday,8_a
"Velvet w/ oxthemoron,yugi boi & ANH",uncommenn,8_a
Soulection Radio Show #410 ft. ESTA. (Takeover),SOULECTION,8_a
overthinker (out on spotify and apple music),whereisalex,8_a
stranger ting,drowsy,8_a
cash shit w/ DILIP & olswel,SINGULARIS,8_a
Ame w/ Omar Duro,SINGULARIS,8_a
TOBi ‚Äì Faces (prod. Sango & Wax Roof),S√°ngo,8_a
DYK,Master Soul Boy,8_a
thugga_in_heaven_,LAKIM,8_a
See Dee - Diamond Digger,See Dee,8_a
AYA NAKAMURA - DJA DJA (VANDALIZED EDIT),H‚àÜth‚ùÇr,8_a
get right witcha TRVE HILL Remix,TRVE HILL,8_a
Honest,PJ,8_a
atom dance,lotus eyes,8_a
chromonicci. - Shake.,Good Society,8_a
Hearts on the Line,Insightful,8_a
Tarp House,Insightful,8_a
Never Forgive,Insightful,8_a
Magnify,Insightful,8_a
sirhairdownoje.,oje.,8_a
A Fool for You,Aaron Taylor,8_a
No Guidance (91),gianni,8_a
Heart Don't Stand A Chance,mrdecai.,8_a
victorious,WIZE,8_a
hello,HANS,8_a
Perils,MIKE GAO,8_a
Rage,capshun,8_a
Destiny,capshun,8_a
Come & Talk to Me (PARISA & Kutcorners Remix),Kutcorners,8_a
Fly High 009: Stay Home Special,SNAKEHIPS,8_a
hi.tech,PC Music ‚ô©,8_a
last chance,eugene cam,8_a
They Dont Understand,SAVON,8_a
tribulation,KMB,8_a
spaceships 2020,austin marc,8_a
Soulection Radio Show #450 ft. IAMNOBODI,SOULECTION,8_a
Her Unspoken Love,Sylo,8_a
disrupt,enuar,8_a
Iridescent,Roto,8_a
what,tenkai,8_a
changes(goin thru),esta.,8_a
if i could show u i would(bakar flip),esta.,8_a
more fun with my midi,lvusm,8_a
slept on u. - remix,FORTUNE,8_a
flow,Coastal,8_a
Ode To CYGN / day ones,Sykotix,8_a
lunar w/ enuar,cozy kev,8_a
feellikecarmack.,capshun,8_a
Take it from Me,Master Soul Boy,8_a
deep,esta.,8_a
NEEDED ME (FT. J.ROBB & LVUSM),pandi,8_a
Drnk Ft. Rndysvge & Bowtye,esta.,8_a
tappin out,HANS,8_a
"Play Nice ‚Ä¢ Sweet (Ft. Naji, Zilo, RNDYSVGE, BOWTYE, Insightful & J.Robb)",Naji,8_a
How You Feel,James Fauntleroy,8_a
HM03,HANS,8_a
all i had,esta.,8_a
DAY PARTY feat. Deante' Hitchcock,Shamba,8_a
AWAKE,SENOJNAYR,8_a
Distant,Hanz,8_a
sonder,enuar,8_a
cold,enuar,8_a
okokko - Dream,Good Society,8_a
ini & Dilip - Elements,Lucid Monday,8_a
HXNS - okaywegetit,Lucid Monday,8_a
Phases,Lou?,8_a
End,Lou?,8_a
pistol 3 w/ pandi,donovan,8_a
Delay,SAVON,8_a
Don't Fight feat. Ayelle (Demo),SAVON,8_a
Seasons,SAVON,8_a
Color,SAVON,8_a
loversrock //da boat,esta.,8_a
dnt let it go 2 waste,esta.,8_a
Compensating,UNSINKABLE,8_a
SAD,UNSINKABLE,8_a
trinity w/ lvusm & enuar *spotify below*,levant,8_a
Long Distance (Lophiile Remix),HOODBOI,8_a
pinksweats - would you (hans üá¨üáßukgüá¨üáß rmx),HXNS,8_a
feel that?,Mitch Geist,8_a
thankful,KMB,8_a
soft pink (last song),Cavalier,8_a
Feeling,uncommenn,8_a
CHE ECRU - SKY IS FALLING (REMIX),J.ROBB,8_a
these walls,cloude.,8_a
P0P$T4R (w/ pandi),J.ROBB,8_a
DJADJA (VANDALIZED EDIT),Jarreau Vandal,8_a
lean_wit_teddy_p_,LAKIM,8_a
headlock w/ legend,pandi,8_a
AMAGNUS - Machine,BONSAI,8_a
dis side.,cozy kev,8_a
teen spirit,q the music,8_a
eclectic,q the music,8_a
Abhi//Dijon ‚Äî Wait (Sango Seattle Rain Mix),S√°ngo,8_a
"BOOTED UP w/ ELUJAY, JAMVVIS, NAJI, ROMDERFUL & CAY CALEB",J.ROBB,8_a
DMW,sans,8_a
Soulection Radio Show #455 ft. Sans,SOULECTION,8_a
focus w/ austin marc,sans,8_a
smashedup.,MAURICE.,8_a
for me,nusnce,8_a
cosmic,nusnce,8_a
bank acc,khoa,8_a
triple double,nusnce,8_a
sunrise,nusnce,8_a
DOING TOO MUCH,"K, Le Maestro",8_a
"Blue Canari√±ho - ""Never Say"" (Altogether, Part Three)",Stay Cool,8_a
only u,senza,8_a
99 LIVE - April 9th ft. wavsbyleo (Guest Mix),wavsbyleo,8_a
BMO 2001 (BREAK MISSY OFF),"K, Le Maestro",8_a
Slowya.roll - Come Again (feat. Rob Araujo),Good Society,8_a
TOKYO DRIFT (BRLLNT EDIT),B R L L N T,8_a
multiply (Henz Flip),nomad,8_a
maple,monte booker,8_a
urmylady.,Kai-Alexander,8_a
